[
  {
    "name": "dark",
    "bgColor": "#111",
    "textColor": "#eee"
  },
  {
    "name": "dark_magic_girl",
    "bgColor": "#091f2c",
    "textColor": "#a288d9"
  },
  {
    "name": "8008",
    "bgColor": "#333a45",
    "textColor": "#f44c7f"
  },
  {
    "name": "carbon",
    "bgColor": "#313131",
    "textColor": "#ed6b21"
  },
  {
    "name": "dots",
    "bgColor": "#121520",
    "textColor": "#7f88ab"
  },
  {
    "name": "nautilus",
    "bgColor": "#132237",
    "textColor": "#eab622"
  },
  {
    "name": "serika",
    "bgColor": "#e1e1e3",
    "textColor": "#e2b714"
  },
  {
    "name": "serika_dark",
    "bgColor": "#323437",
    "textColor": "#e2b714"
  },
  {
    "name": "bushido",
    "bgColor": "#242933",
    "textColor": "#ec4c56"
  },
  {
    "name": "red_samurai",
    "bgColor": "#84202c",
    "textColor": "#c79e6e"
  },
  {
    "name": "rgb",
    "bgColor": "linear-gradient(to left, #0043ff, #1bdbdb, #27c214, #e0e019, #e01313)",
    "textColor": "#fff"
  },
  {
    "name": "oblivion",
    "bgColor": "#313231",
    "textColor": "#a5a096"
  },
  {
    "name": "magic_girl",
    "bgColor": "#ffffff",
    "textColor": "#00ac8c"
  },
  {
    "name": "metropolis",
    "bgColor": "#0f1f2c",
    "textColor": "#56c3b7"
  },
  {
    "name": "laser",
    "bgColor": "#221b44",
    "textColor": "#b82356"
  },
  {
    "name": "retro",
    "bgColor": "#dad3c1",
    "textColor": "#1d181a"
  },
  {
    "name": "dracula",
    "bgColor": "#282a36",
    "textColor": "#bd93f9"
  },
  {
    "name": "nord",
    "bgColor": "#242933",
    "textColor": "#617b94"
  },
  {
    "name": "mr_sleeves",
    "bgColor": "#d1d7da",
    "textColor": "#000"
  },
  {
    "name": "olivia",
    "bgColor": "#1c1b1d",
    "textColor": "#deaf9d"
  },
  {
    "name": "bliss",
    "bgColor": "#262727",
    "textColor": "#665957"
  },
  {
    "name": "mizu",
    "bgColor": "#afcbdd",
    "textColor": "#1a2633"
  },
  {
    "name": "metaverse",
    "bgColor": "#232323",
    "textColor": "#d82934"
  },
  {
    "name": "shadow",
    "bgColor": "#000",
    "textColor": "#444"
  },
  {
    "name": "mint",
    "bgColor": "#05385b",
    "textColor": "#5cdb95"
  },
  {
    "name": "miami",
    "bgColor": "#f35588",
    "textColor": "#05dfd7"
  },
  {
    "name": "miami_nights",
    "bgColor": "#18181a",
    "textColor": "#e4609b"
  },
  {
    "name": "modern_dolch",
    "bgColor": "#2d2e30",
    "textColor": "#65d2cd"
  },
  {
    "name": "botanical",
    "bgColor": "#7b9c98",
    "textColor": "#abc6c4"
  },
  {
    "name": "9009",
    "bgColor": "#eeebe2",
    "textColor": "#080909"
  },
  {
    "name": "bingsu",
    "bgColor": "#b8a7aa",
    "textColor": "#ede8ec"
  },
  {
    "name": "terminal",
    "bgColor": "#1b1c1d",
    "textColor": "#79a617"
  },
  {
    "name": "taro",
    "bgColor": "#b3baff",
    "textColor": "#130f1a"
  },
  {
    "name": "striker",
    "bgColor": "#124883",
    "textColor": "#d6dbd9"
  },
  {
    "name": "gruvbox_dark",
    "bgColor": "#282828",
    "textColor": "#ebdbb2"
  },
  {
    "name": "gruvbox_light",
    "bgColor": "#fbf1c7",
    "textColor": "#458588"
  },
  {
    "name": "monokai",
    "bgColor": "#272822",
    "textColor": "#E6DB74"
  },
  {
    "name": "camping",
    "bgColor": "#faf1e4",
    "textColor": "#618c56"
  },
  {
    "name": "voc",
    "bgColor": "#190618",
    "textColor": "#e0caac"
  },
  {
    "name": "vaporwave",
    "bgColor": "#a4a7ea",
    "textColor": "#e368da"
  },
  {
    "name": "pulse",
    "bgColor": "#181818",
    "textColor": "#17b8bd"
  },
  {
    "name": "matrix",
    "bgColor": "#000000",
    "textColor": "#15ff00"
  },
  {
    "name": "olive",
    "bgColor": "#e9e5cc",
    "textColor": "#92946f"
  },
  {
    "name": "strawberry",
    "bgColor": "#f37f83",
    "textColor": "#fcfcf8"
  },
  {
    "name": "night_runner",
    "bgColor": "#212121",
    "textColor": "#feff04"
  },
  {
    "name": "cyberspace",
    "bgColor": "#181c18",
    "textColor": "#00ce7c"
  },
  {
    "name": "joker",
    "bgColor": "#1a0e25",
    "textColor": "#99de1e"
  },
  {
    "name": "dualshot",
    "bgColor": "#737373",
    "textColor": "#212222"
  },
  {
    "name": "solarized_dark",
    "bgColor": "#002b36",
    "textColor": "#859900"
  },
  {
    "name": "solarized_light",
    "bgColor": "#fdf6e3",
    "textColor": "#859900"
  },
  {
    "name": "terra",
    "bgColor": "#0c100e",
    "textColor": "#89c559"
  },
  {
    "name": "red_dragon",
    "bgColor": "#1a0b0c",
    "textColor": "#ff3a32"
  },
  {
    "name": "hammerhead",
    "bgColor": "#030613",
    "textColor": "#4fcdb9"
  },
  {
    "name": "future_funk",
    "bgColor": "#2E1A47",
    "textColor": "#f7f2ea"
  },
  {
    "name": "milkshake",
    "bgColor": "#ffffff",
    "textColor": "#212b43"
  },
  {
    "name": "aether",
    "bgColor": "#101820",
    "textColor": "#cf6bdd"
  },
  {
    "name": "froyo",
    "bgColor": "#e1dacb",
    "textColor": "#b29c5e"
  },
  {
    "name": "retrocast",
    "bgColor": "#07737a",
    "textColor": "#88dbdf"
  },
  {
    "name": "luna",
    "bgColor": "#221C35",
    "textColor": "#88dbdf"
  },
  {
    "name": "graen",
    "bgColor": "#303c36",
    "textColor": "#a59682"
  },
  {
    "name": "bento",
    "bgColor": "#2d394d",
    "textColor": "#FC7374"
  },
  {
    "name": "watermelon",
    "bgColor": "#1F4437",
    "textColor": "#B74B53"
  },
  {
    "name": "menthol",
    "bgColor": "#00c18c",
    "textColor": "#ffffff"
  },
  {
    "name": "ishtar",
    "bgColor": "#202020",
    "textColor": "#91170c"
  },
  {
    "name": "mashu",
    "bgColor": "#2b2b2c",
    "textColor": "#76689a"
  },
  {
    "name": "deku",
    "bgColor": "#058B8C",
    "textColor": "#F7F2EA"
  },
  {
    "name": "honey",
    "bgColor": "#f2aa00",
    "textColor": "#fff546"
  },
  {
    "name": "shoko",
    "bgColor": "#ced7e0",
    "textColor": "#81c4dd"
  },
  {
    "name": "norse",
    "bgColor": "#2b2b2c",
    "textColor": "#ccc2b1"
  },
  {
    "name": "matcha_moccha",
    "bgColor": "#523525",
    "textColor": "#7ec160"
  },
  {
    "name": "cafe",
    "bgColor": "#CEB18D",
    "textColor": "#14120F"
  },
  {
    "name": "alpine",
    "bgColor": "#6c687f",
    "textColor": "#ffffff"
  },
  {
    "name": "superuser",
    "bgColor": "#262A33",
    "textColor": "#43FFAF"
  },
  {
    "name": "ms_cupcakes",
    "bgColor": "#ffffff",
    "textColor": "#5ed5f3"
  },
  {
    "name": "dollar",
    "bgColor": "#e4e4d4",
    "textColor": "#6b886b"
  },
  {
    "name": "lime",
    "bgColor": "#7c878e",
    "textColor": "#93c247"
  },
  {
    "name": "sweden",
    "bgColor": "#0058a3",
    "textColor": "#ffcc02"
  },
  {
    "name": "wavez",
    "bgColor": "#1c292f",
    "textColor": "#6bde3b"
  },
  {
    "name": "nebula",
    "bgColor": "#212135",
    "textColor": "#be3c88"
  },
  {
    "name": "lil_dragon",
    "bgColor": "#ebe1ef",
    "textColor": "#8a5bd6"
  },
  {
    "name": "pastel",
    "bgColor": "#ffd1dc",
    "textColor": "#b39eb5"
  },
  {
    "name": "alduin",
    "bgColor": "#1c1c1c",
    "textColor": "#dfd7af"
  },
  {
    "name": "paper",
    "bgColor": "#eeeeee",
    "textColor": "#444444"
  },
  {
    "name": "fundamentals",
    "bgColor": "#727474",
    "textColor": "#196378"
  },
  {
    "name": "drowning",
    "bgColor": "#191826",
    "textColor": "#4a6fb5"
  },
  {
    "name": "iceberg_dark",
    "bgColor": "#161821",
    "textColor": "#c6c8d1"
  },
  {
    "name": "iceberg_light",
    "bgColor": "#e8e9ec",
    "textColor": "#33374c"
  },
  {
    "name": "onedark",
    "bgColor": "#2f343f",
    "textColor": "#98c379"
  },
  {
    "name": "darling",
    "bgColor": "#fec8cd",
    "textColor": "#ffffff"
  },
  {
    "name": "repose_dark",
    "bgColor": "#2f3338",
    "textColor": "#d6d2bc"
  },
  {
    "name": "repose_light",
    "bgColor": "#efead0",
    "textColor": "#333538"
  }
]
